customerID,churn_prediction,ProbabilityRiskTier,TimeBasedRisk,ActionableInsight,clv_tier,churn_probability,gender,SeniorCitizen,Partner,Dependents,tenure,PhoneService,MultipleLines,InternetService,OnlineSecurity,OnlineBackup,DeviceProtection,TechSupport,StreamingTV,StreamingMovies,Contract,PaperlessBilling,PaymentMethod,MonthlyCharges,TotalCharges,survival_prob_6_months,survival_prob_12_months,survival_prob_24_months
ID1000,0,Not At Risk,Low Risk,No churn risk detected.,Medium,0.45678774,Male,0,No,No,17,Yes,No,DSL,Yes,No,Yes,No internet service,No,No,Month-to-month,Yes,Bank transfer (automatic),53.84,5437.82,0.9636397888280526,0.9238386468981968,0.8197588448216298
ID1001,1,Low,Low Risk,"Churn risk detected, but the primary drivers require manual review. Top drivers: [, ', t, e, n, u, r, e, _, m, o, n, t, h, l, y, _, r, a, t, i, o, ', ,,  , ', P, a, y, m, e, n, t, M, e, t, h, o, d, _, E, l, e, c, t, r, o, n, i, c,  , c, h, e, c, k, ', ,,  , ', I, n, t, e, r, n, e, t, S, e, r, v, i, c, e, _, F, i, b, e, r,  , o, p, t, i, c, ', ]",Medium,0.5195104,Female,0,Yes,No,34,Yes,No phone service,No,No internet service,No,Yes,No internet service,No,No,Month-to-month,Yes,Electronic check,66.91,6387.02,0.988260482673682,0.9750587756838566,0.9385988054080175
ID1002,0,Not At Risk,Medium Risk,No churn risk detected.,Medium,0.47555405,Female,0,No,Yes,14,No,No phone service,DSL,No,No,No,No,No,No,One year,Yes,Bank transfer (automatic),52.83,2037.79,0.9227859742274532,0.8420861026859849,0.6497274888994045
ID1003,1,High,Low Risk,"**Urgency:** Low Risk

**Key Factors Identified:**
- As a relatively new customer (<= 12 months), they are in a critical early phase and may not be fully engaged with the service yet.",Low,0.6097319,Female,1,No,No,2,Yes,No phone service,Fiber optic,No,Yes,No internet service,No internet service,No internet service,Yes,One year,Yes,Mailed check,61.03,7594.42,0.957069821975755,0.9104191997668356,0.790211101083706
ID1004,0,Not At Risk,Low Risk,No churn risk detected.,Medium,0.48172843,Female,1,Yes,No,41,No,No phone service,DSL,No,No internet service,Yes,No internet service,Yes,Yes,Two year,Yes,Electronic check,28.86,5258.63,0.989671673622022,0.9780391923259673,0.9458132078975624
ID1005,0,Not At Risk,Low Risk,No churn risk detected.,Low,0.41755316,Male,0,Yes,Yes,14,Yes,No,DSL,Yes,No,No internet service,No,No internet service,No internet service,Two year,Yes,Credit card (automatic),33.73,303.75,0.966878959554536,0.9304932883375032,0.8346539830337061
ID1006,0,Not At Risk,Low Risk,No churn risk detected.,Medium,0.47625732,Female,0,Yes,No,18,Yes,Yes,No,No,No,Yes,No internet service,No internet service,Yes,Two year,No,Credit card (automatic),55.48,1032.98,0.962065454221976,0.920613473321011,0.812597876174363
ID1007,1,Medium,Medium Risk,"**Urgency:** Medium Risk

**Key Factors Identified:**
- As a relatively new customer (<= 12 months), they are in a critical early phase and may not be fully engaged with the service yet.",Low,0.5437653,Male,1,Yes,Yes,10,No,No phone service,Fiber optic,No internet service,Yes,Yes,No internet service,No,No internet service,Two year,Yes,Mailed check,36.27,1124.93,0.9442854054250792,0.8846058953354956,0.7351970022761478
ID1008,0,Not At Risk,Low Risk,No churn risk detected.,High,0.41966864,Female,1,No,No,56,No,No,No,No internet service,No,No,No internet service,Yes,No,Month-to-month,Yes,Electronic check,75.92,1653.34,0.9859456151283524,0.9701802931655183,0.9268615565911064
ID1009,1,Medium,Medium Risk,"**Urgency:** Medium Risk

**Key Factors Identified:**
- As a relatively new customer (<= 12 months), they are in a critical early phase and may not be fully engaged with the service yet.",Low,0.5603344,Female,1,Yes,Yes,5,No,Yes,No,Yes,No,Yes,No,No,Yes,Two year,No,Electronic check,78.93,1372.09,0.9410742900184506,0.8781843484671302,0.7218806619612684
ID1010,0,Not At Risk,Monitor,No churn risk detected.,High,0.47992685,Female,0,No,Yes,51,Yes,No phone service,Fiber optic,No internet service,No,No internet service,Yes,No,No,Two year,No,Credit card (automatic),116.69,6529.42,0.9981698384129598,0.9960896514553248,0.9902184748648272
ID1011,0,Not At Risk,Monitor,No churn risk detected.,Medium,0.41974083,Female,1,Yes,No,35,Yes,No phone service,DSL,Yes,No,No,Yes,Yes,Yes,Two year,No,Mailed check,51.26,3524.16,0.9931184532888028,0.985339111006084,0.9636239554348978
ID1012,0,Not At Risk,Medium Risk,No churn risk detected.,Medium,0.4970419,Female,0,Yes,No,20,Yes,Yes,No,No,No,Yes,No,No,Yes,One year,Yes,Bank transfer (automatic),78.03,202.24,0.950057838476986,0.8962121957936754,0.7596373913315833
ID1013,0,Not At Risk,Monitor,No churn risk detected.,High,0.4495863,Male,0,Yes,Yes,70,Yes,No phone service,Fiber optic,No internet service,Yes,Yes,No,No internet service,No internet service,One year,No,Mailed check,47.79,2413.08,0.996777969695145,0.9931212260935208,0.9828316965274158
ID1014,1,High,Medium Risk,"**Urgency:** Medium Risk

**Key Factors Identified:**
- As a relatively new customer (<= 12 months), they are in a critical early phase and may not be fully engaged with the service yet.",Low,0.6378329,Male,1,Yes,No,6,Yes,No phone service,Fiber optic,Yes,No,No,Yes,No,Yes,One year,No,Mailed check,105.65,375.72,0.848719305964029,0.7041052505722959,0.4147121378416625
ID1015,0,Not At Risk,Monitor,No churn risk detected.,High,0.4239796,Male,1,Yes,No,71,No,No phone service,Fiber optic,Yes,No,No internet service,Yes,No internet service,No,Two year,Yes,Electronic check,83.5,6363.13,0.9987016128793772,0.9972250073529356,0.993052549705732
ID1016,0,Not At Risk,Monitor,No churn risk detected.,High,0.39270982,Male,1,No,Yes,46,Yes,Yes,DSL,No internet service,No internet service,No internet service,No internet service,No,No internet service,One year,No,Bank transfer (automatic),63.83,3396.54,0.9962902566685204,0.992082201088987,0.9802539906231204
ID1017,0,Not At Risk,Monitor,No churn risk detected.,High,0.40397987,Male,1,No,Yes,68,No,No phone service,DSL,No,Yes,Yes,Yes,No,Yes,Two year,No,Mailed check,66.89,156.6,0.9958156997206522,0.99107175969719,0.9777511012671792
ID1018,0,Not At Risk,Monitor,No churn risk detected.,High,0.44819388,Female,0,Yes,No,63,No,No phone service,Fiber optic,No,Yes,Yes,No,No,Yes,Two year,No,Electronic check,117.9,7685.25,0.9986644452134096,0.9971456307845832,0.9928542515631148
ID1019,1,High,Low Risk,"Churn risk detected, but the primary drivers require manual review. Top drivers: [, ', t, e, n, u, r, e, _, m, o, n, t, h, l, y, _, r, a, t, i, o, ', ,,  , ', I, n, t, e, r, n, e, t, S, e, r, v, i, c, e, _, F, i, b, e, r,  , o, p, t, i, c, ', ,,  , ', P, a, y, m, e, n, t, M, e, t, h, o, d, _, E, l, e, c, t, r, o, n, i, c,  , c, h, e, c, k, ', ]",Medium,0.61759347,Female,0,Yes,Yes,13,No,Yes,Fiber optic,Yes,No internet service,No,No,Yes,No internet service,One year,Yes,Credit card (automatic),105.55,2887.75,0.9744930298345256,0.9462360393508752,0.8705355208285307
ID1020,0,Not At Risk,Monitor,No churn risk detected.,High,0.42357787,Female,1,Yes,Yes,64,Yes,No phone service,No,Yes,No,No,Yes,No internet service,No internet service,One year,No,Mailed check,90.27,3957.24,0.9986970196962563,0.997215197808106,0.9930280422605364
ID1021,0,Not At Risk,Monitor,No churn risk detected.,Medium,0.4076425,Male,1,Yes,No,48,No,No phone service,DSL,No,Yes,No internet service,No internet service,No,Yes,Month-to-month,No,Credit card (automatic),52.67,6349.11,0.995652287970815,0.9907239452205314,0.9768904460410868
ID1022,0,Not At Risk,Monitor,No churn risk detected.,High,0.44386533,Male,1,Yes,No,71,Yes,No,Fiber optic,Yes,Yes,Yes,Yes,No,No internet service,One year,Yes,Credit card (automatic),56.76,1582.0,0.9973990606731375,0.9944452381664806,0.986122325038274
ID1023,0,Not At Risk,Low Risk,No churn risk detected.,Medium,0.44502032,Male,0,Yes,No,25,No,No phone service,No,No,No internet service,Yes,Yes,No,No internet service,Month-to-month,Yes,Mailed check,82.31,1412.47,0.9722681809899522,0.9416214275092726,0.8599235496137594
ID1024,0,Not At Risk,Low Risk,No churn risk detected.,High,0.42599195,Female,0,No,No,31,No,No,DSL,Yes,No internet service,Yes,No,No internet service,No internet service,One year,No,Mailed check,115.58,1328.03,0.9889732182333044,0.9765634584152216,0.9422368910592532
ID1025,0,Not At Risk,Monitor,No churn risk detected.,Medium,0.38927868,Female,0,Yes,Yes,61,No,Yes,No,No,Yes,Yes,No internet service,No,No internet service,Month-to-month,Yes,Credit card (automatic),27.14,1544.86,0.9966006729323376,0.992743445647618,0.9818939940616128
ID1026,0,Not At Risk,Low Risk,No churn risk detected.,High,0.48707533,Female,1,No,Yes,42,Yes,No,Fiber optic,No,No internet service,No,Yes,No internet service,Yes,Month-to-month,Yes,Credit card (automatic),101.51,3776.28,0.9818827018990892,0.9616493747056334,0.906549902494125
ID1027,0,Not At Risk,Monitor,No churn risk detected.,High,0.41886878,Male,1,Yes,No,72,No,Yes,DSL,No internet service,Yes,Yes,No internet service,No,Yes,One year,No,Electronic check,74.31,1816.51,0.995865630864452,0.9911780488316556,0.9780142010911076
ID1028,0,Not At Risk,Monitor,No churn risk detected.,High,0.47353664,Female,1,No,Yes,44,Yes,Yes,DSL,No internet service,No internet service,No internet service,Yes,No internet service,No,One year,No,Electronic check,116.96,2391.99,0.9926148470617622,0.9842707225985552,0.9610047531912218
ID1029,0,Not At Risk,Monitor,No churn risk detected.,High,0.41035032,Female,1,Yes,Yes,71,Yes,Yes,No,Yes,No,Yes,Yes,Yes,Yes,Month-to-month,No,Credit card (automatic),118.79,6961.39,0.9993972320957571,0.9987112168202976,0.9967697894962882
ID1030,0,Not At Risk,Low Risk,No churn risk detected.,Medium,0.47020507,Male,1,No,Yes,14,Yes,Yes,DSL,Yes,Yes,No,No,No,No internet service,One year,No,Bank transfer (automatic),73.76,5162.61,0.9829027564097388,0.963787416526599,0.9116150559206704
ID1031,0,Not At Risk,Monitor,No churn risk detected.,High,0.45979628,Male,1,Yes,No,49,Yes,No phone service,No,No internet service,Yes,No,No internet service,No,No internet service,Month-to-month,No,Mailed check,104.45,2499.54,0.9914101655689066,0.9817175237161402,0.9547628275254232
ID1032,0,Not At Risk,Low Risk,No churn risk detected.,Medium,0.42080197,Female,0,Yes,Yes,32,No,No,No,No,No,Yes,Yes,No,No,Month-to-month,No,Credit card (automatic),82.66,1793.07,0.9841501322914364,0.9664053620664048,0.917840260880869
ID1033,1,High,Low Risk,"**Urgency:** Low Risk

**Key Factors Identified:**
- As a relatively new customer (<= 12 months), they are in a critical early phase and may not be fully engaged with the service yet.",Low,0.606681,Female,0,Yes,Yes,2,No,No phone service,DSL,No,No internet service,No internet service,Yes,No,No,One year,No,Bank transfer (automatic),32.85,3331.36,0.9680439382414966,0.9328928715661108,0.8400646008437787
ID1034,1,Low,Low Risk,"Churn risk detected, but the primary drivers require manual review. Top drivers: [, ', t, e, n, u, r, e, _, m, o, n, t, h, l, y, _, r, a, t, i, o, ', ,,  , ', I, n, t, e, r, n, e, t, S, e, r, v, i, c, e, _, F, i, b, e, r,  , o, p, t, i, c, ', ,,  , ', P, a, y, m, e, n, t, M, e, t, h, o, d, _, E, l, e, c, t, r, o, n, i, c,  , c, h, e, c, k, ', ]",Low,0.5168043,Male,1,No,No,19,Yes,No phone service,Fiber optic,No,No,Yes,No,No internet service,Yes,One year,No,Bank transfer (automatic),22.28,7480.3,0.9796736388465052,0.9570278273426132,0.8956591085844283
ID1035,0,Not At Risk,Monitor,No churn risk detected.,Medium,0.41709778,Male,1,No,No,20,No,Yes,DSL,Yes,Yes,No,No,No internet service,No internet service,Two year,No,Bank transfer (automatic),78.28,3625.01,0.9922800455244908,0.9835607907664982,0.959266693851654
ID1036,1,Low,Low Risk,"Churn risk detected, but the primary drivers require manual review. Top drivers: [, ', I, n, t, e, r, n, e, t, S, e, r, v, i, c, e, _, F, i, b, e, r,  , o, p, t, i, c, ', ,,  , ', p, r, e, m, i, u, m, _, s, e, r, v, i, c, e, s, _, c, o, u, n, t, ', ,,  , ', P, a, y, m, e, n, t, M, e, t, h, o, d, _, E, l, e, c, t, r, o, n, i, c,  , c, h, e, c, k, ', ]",Medium,0.52105397,Male,1,No,Yes,34,Yes,No,Fiber optic,No,Yes,Yes,Yes,Yes,No internet service,Two year,Yes,Electronic check,79.12,3286.29,0.985693248633784,0.9696492293575172,0.9255892168398157
ID1037,1,Medium,Low Risk,"Churn risk detected, but the primary drivers require manual review. Top drivers: [, ', t, e, n, u, r, e, _, m, o, n, t, h, l, y, _, r, a, t, i, o, ', ,,  , ', I, n, t, e, r, n, e, t, S, e, r, v, i, c, e, _, F, i, b, e, r,  , o, p, t, i, c, ', ,,  , ', t, e, n, u, r, e, ', ]",High,0.5283363,Male,0,No,Yes,69,No,Yes,Fiber optic,No,No,No internet service,Yes,No internet service,Yes,Month-to-month,Yes,Electronic check,40.26,3361.59,0.987068710073009,0.972545539647802,0.9325410621520596
ID1038,1,Medium,Medium Risk,"Churn risk detected, but the primary drivers require manual review. Top drivers: [, ', I, n, t, e, r, n, e, t, S, e, r, v, i, c, e, _, F, i, b, e, r,  , o, p, t, i, c, ', ,,  , ', P, a, y, m, e, n, t, M, e, t, h, o, d, _, E, l, e, c, t, r, o, n, i, c,  , c, h, e, c, k, ', ,,  , ', P, a, p, e, r, l, e, s, s, B, i, l, l, i, n, g, _, Y, e, s, ', ]",Medium,0.5372762,Male,1,Yes,Yes,15,Yes,Yes,No,No,No,No,No,Yes,No internet service,One year,No,Electronic check,59.74,1446.54,0.9169223402161032,0.8306828848850931,0.6278787587983001
ID1039,0,Not At Risk,Monitor,No churn risk detected.,Medium,0.42804298,Male,0,Yes,Yes,42,Yes,No phone service,No,No internet service,Yes,No internet service,No internet service,No internet service,No internet service,Month-to-month,Yes,Mailed check,62.38,3421.04,0.9920616942842984,0.9830979335748438,0.9581345429665452
ID1040,0,Not At Risk,Monitor,No churn risk detected.,Medium,0.38913557,Male,0,Yes,No,44,No,No phone service,No,No internet service,No,No internet service,No,No,No,One year,No,Credit card (automatic),34.89,2701.26,0.9966586859379905,0.9928670501920428,0.9822007381085758
ID1041,0,Not At Risk,Monitor,No churn risk detected.,Medium,0.39494038,Female,1,No,Yes,44,No,No phone service,No,Yes,No,No internet service,No internet service,No internet service,No internet service,Two year,Yes,Bank transfer (automatic),57.96,5861.85,0.99799769148936,0.9957222596846598,0.9893024347273708
ID1042,1,Low,Low Risk,"**Urgency:** Low Risk

**Key Factors Identified:**
- As a relatively new customer (<= 12 months), they are in a critical early phase and may not be fully engaged with the service yet.",Low,0.503656,Female,1,Yes,No,5,No,No,No,Yes,No internet service,Yes,No internet service,No internet service,No internet service,One year,Yes,Mailed check,50.28,2855.01,0.9687394898886896,0.9343271139993342,0.8433085973140888
ID1043,0,Not At Risk,Monitor,No churn risk detected.,Medium,0.4245877,Male,0,Yes,Yes,23,Yes,Yes,No,No internet service,Yes,Yes,No internet service,No,No internet service,One year,No,Credit card (automatic),49.27,5682.78,0.9940598737606864,0.9873379669786496,0.9685357599824972
ID1044,1,High,Medium Risk,"Churn risk detected, but the primary drivers require manual review. Top drivers: [, ', P, a, y, m, e, n, t, M, e, t, h, o, d, _, E, l, e, c, t, r, o, n, i, c,  , c, h, e, c, k, ', ,,  , ', I, n, t, e, r, n, e, t, S, e, r, v, i, c, e, _, F, i, b, e, r,  , o, p, t, i, c, ', ,,  , ', t, e, n, u, r, e, _, m, o, n, t, h, l, y, _, r, a, t, i, o, ', ]",Medium,0.61413974,Female,0,No,No,19,Yes,Yes,Fiber optic,Yes,No,No,No,No,No,One year,Yes,Electronic check,62.16,5401.08,0.9349440273178952,0.8659942765024948,0.6970036509466669
ID1045,1,Low,Medium Risk,"Churn risk detected, but the primary drivers require manual review. Top drivers: [, ', I, n, t, e, r, n, e, t, S, e, r, v, i, c, e, _, F, i, b, e, r,  , o, p, t, i, c, ', ,,  , ', P, a, y, m, e, n, t, M, e, t, h, o, d, _, E, l, e, c, t, r, o, n, i, c,  , c, h, e, c, k, ', ,,  , ', t, e, n, u, r, e, _, m, o, n, t, h, l, y, _, r, a, t, i, o, ', ]",Low,0.5056812,Female,0,No,No,16,Yes,No phone service,No,No internet service,No,Yes,No,No,No,Month-to-month,Yes,Electronic check,37.92,5599.02,0.938072790266302,0.8722045082202063,0.7096116818225177
ID1046,0,Not At Risk,Low Risk,No churn risk detected.,Medium,0.4689946,Female,0,Yes,No,15,No,Yes,DSL,No,Yes,No,No,No,Yes,Two year,No,Mailed check,84.54,5680.56,0.9893298029868646,0.9773167215104815,0.9440613426479196
ID1047,0,Not At Risk,Monitor,No churn risk detected.,High,0.42701197,Female,1,No,No,47,Yes,Yes,No,Yes,Yes,Yes,No internet service,No,No internet service,One year,Yes,Electronic check,82.09,2434.29,0.9941981347758442,0.9876317091183624,0.9692588408720102
ID1048,0,Not At Risk,Monitor,No churn risk detected.,Medium,0.40052652,Male,1,No,Yes,32,No,No phone service,DSL,No,No internet service,Yes,No,Yes,Yes,One year,Yes,Credit card (automatic),32.17,7930.19,0.9923331591524852,0.9836733976600172,0.959542252460349
ID1049,1,High,Medium Risk,"**Urgency:** Medium Risk

**Key Factors Identified:**
- As a relatively new customer (<= 12 months), they are in a critical early phase and may not be fully engaged with the service yet.",Low,0.6206155,Female,1,No,Yes,1,Yes,Yes,DSL,Yes,No,No internet service,No internet service,Yes,No internet service,Two year,No,Electronic check,53.31,1442.64,0.920401551627334,0.837439043802613,0.6407693850871478
ID1050,1,Medium,Medium Risk,"**Urgency:** Medium Risk

**Key Factors Identified:**
- As a relatively new customer (<= 12 months), they are in a critical early phase and may not be fully engaged with the service yet.",Low,0.5519554,Female,0,No,Yes,2,Yes,No,No,No,Yes,No internet service,No internet service,No,No,One year,Yes,Credit card (automatic),102.84,3302.68,0.9483223599297532,0.8927142993964687,0.7522209434196894
ID1051,0,Not At Risk,Low Risk,No churn risk detected.,High,0.45819598,Male,1,No,Yes,29,No,No,DSL,No,No internet service,Yes,No internet service,Yes,Yes,Month-to-month,Yes,Mailed check,98.65,7225.23,0.9863709322908308,0.9710756535776812,0.9290090703805878
ID1052,1,High,Low Risk,"**Urgency:** Low Risk

**Key Factors Identified:**
- As a relatively new customer (<= 12 months), they are in a critical early phase and may not be fully engaged with the service yet.",Low,0.57651544,Male,0,Yes,No,1,No,No,No,No,No internet service,Yes,Yes,No,Yes,Two year,No,Electronic check,92.62,7877.76,0.9857676085236308,0.9698056914347998,0.9259639644954364
ID1053,1,Medium,Monitor,"Churn risk detected, but the primary drivers require manual review. Top drivers: [, ', I, n, t, e, r, n, e, t, S, e, r, v, i, c, e, _, F, i, b, e, r,  , o, p, t, i, c, ', ,,  , ', t, e, n, u, r, e, _, m, o, n, t, h, l, y, _, r, a, t, i, o, ', ,,  , ', P, a, y, m, e, n, t, M, e, t, h, o, d, _, E, l, e, c, t, r, o, n, i, c,  , c, h, e, c, k, ', ]",High,0.52790225,Male,0,Yes,No,53,Yes,Yes,Fiber optic,No internet service,No,No internet service,No internet service,No internet service,No internet service,Two year,Yes,Credit card (automatic),112.73,4340.6,0.9983898109161026,0.9965592164370676,0.99139001203556
ID1054,0,Not At Risk,Low Risk,No churn risk detected.,Medium,0.44652632,Female,0,No,No,25,Yes,Yes,No,No internet service,No,No,Yes,No internet service,No,Month-to-month,Yes,Bank transfer (automatic),86.97,5383.38,0.9841958262310444,0.966501334583402,0.918068957914552
ID1055,1,High,Low Risk,"Churn risk detected, but the primary drivers require manual review. Top drivers: [, ', I, n, t, e, r, n, e, t, S, e, r, v, i, c, e, _, F, i, b, e, r,  , o, p, t, i, c, ', ,,  , ', P, a, y, m, e, n, t, M, e, t, h, o, d, _, E, l, e, c, t, r, o, n, i, c,  , c, h, e, c, k, ', ,,  , ', t, e, n, u, r, e, _, m, o, n, t, h, l, y, _, r, a, t, i, o, ', ]",Medium,0.6189828,Male,1,Yes,No,24,Yes,Yes,Fiber optic,No internet service,No,No internet service,No,Yes,No,Two year,Yes,Electronic check,67.16,5655.15,0.9829107442692894,0.9638041691163194,0.911654810871608
ID1056,1,Low,Low Risk,"Churn risk detected, but the primary drivers require manual review. Top drivers: [, ', I, n, t, e, r, n, e, t, S, e, r, v, i, c, e, _, F, i, b, e, r,  , o, p, t, i, c, ', ,,  , ', P, a, y, m, e, n, t, M, e, t, h, o, d, _, E, l, e, c, t, r, o, n, i, c,  , c, h, e, c, k, ', ,,  , ', t, e, n, u, r, e, _, m, o, n, t, h, l, y, _, r, a, t, i, o, ', ]",Medium,0.50235915,Female,1,Yes,No,17,Yes,No phone service,No,No internet service,Yes,No internet service,No,No internet service,No internet service,One year,Yes,Credit card (automatic),96.61,54.29,0.974635280163774,0.946531492721984,0.8712176263955523
ID1057,0,Not At Risk,Low Risk,No churn risk detected.,Medium,0.47507024,Female,1,Yes,Yes,17,No,No,No,No,Yes,Yes,No internet service,No,No,Two year,No,Electronic check,55.05,3827.46,0.9801189247317168,0.957958449282,0.8978457790596365
ID1058,0,Not At Risk,Medium Risk,No churn risk detected.,Medium,0.4344027,Female,0,Yes,No,19,No,Yes,No,Yes,No internet service,Yes,No internet service,Yes,No internet service,Month-to-month,No,Mailed check,60.24,1588.28,0.9510021269390602,0.8981184905260529,0.7636976665466415
ID1059,1,Low,Monitor,"Churn risk detected, but the primary drivers require manual review. Top drivers: [, ', t, e, n, u, r, e, _, m, o, n, t, h, l, y, _, r, a, t, i, o, ', ,,  , ', I, n, t, e, r, n, e, t, S, e, r, v, i, c, e, _, F, i, b, e, r,  , o, p, t, i, c, ', ,,  , ', P, a, y, m, e, n, t, M, e, t, h, o, d, _, E, l, e, c, t, r, o, n, i, c,  , c, h, e, c, k, ', ]",Medium,0.5139979,Male,1,No,Yes,48,No,No,Fiber optic,No,No,No,Yes,No internet service,Yes,One year,Yes,Mailed check,35.44,6320.87,0.9935156707599956,0.9861822336196896,0.9656939358800836
ID1060,0,Not At Risk,Medium Risk,No churn risk detected.,Medium,0.48247352,Male,0,Yes,No,20,No,Yes,No,No internet service,No,No,Yes,Yes,Yes,Month-to-month,Yes,Credit card (automatic),44.31,243.79,0.8971164817586365,0.7927770717773799,0.5584521692921951
ID1061,0,Not At Risk,Monitor,No churn risk detected.,Medium,0.48156327,Female,1,Yes,No,20,Yes,Yes,DSL,Yes,No,No internet service,No internet service,Yes,No internet service,One year,Yes,Mailed check,118.33,6586.05,0.9923492304956276,0.9837074720763724,0.9596256448249616
ID1062,0,Not At Risk,Monitor,No churn risk detected.,High,0.42895168,Female,0,No,No,65,No,Yes,Fiber optic,Yes,No,No,Yes,No,Yes,One year,No,Bank transfer (automatic),56.39,5754.26,0.9974259313061128,0.9945025408948752,0.986264891521074
ID1063,0,Not At Risk,Monitor,No churn risk detected.,Medium,0.44981408,Male,1,No,No,39,No,Yes,No,No,Yes,No internet service,No,Yes,No internet service,Month-to-month,Yes,Electronic check,51.78,7740.51,0.9915284186478124,0.981967992699319,0.9553740788818648
ID1064,1,Medium,Medium Risk,"**Urgency:** Medium Risk

**Key Factors Identified:**
- As a relatively new customer (<= 12 months), they are in a critical early phase and may not be fully engaged with the service yet.",Low,0.53779334,Female,0,No,Yes,12,No,No,Fiber optic,No,Yes,No internet service,No internet service,No internet service,No,Month-to-month,Yes,Credit card (automatic),44.92,3682.58,0.9221787384579344,0.8409013466581532,0.6474365373597097
ID1065,0,Not At Risk,Monitor,No churn risk detected.,High,0.3929854,Male,1,No,Yes,67,Yes,No,No,No internet service,No internet service,Yes,No internet service,No,No internet service,One year,No,Mailed check,74.85,2664.19,0.9964726092553458,0.9924706176944784,0.9812171326917196
ID1066,1,High,Medium Risk,"Churn risk detected, but the primary drivers require manual review. Top drivers: [, ', t, e, n, u, r, e, _, m, o, n, t, h, l, y, _, r, a, t, i, o, ', ,,  , ', I, n, t, e, r, n, e, t, S, e, r, v, i, c, e, _, F, i, b, e, r,  , o, p, t, i, c, ', ,,  , ', P, a, y, m, e, n, t, M, e, t, h, o, d, _, E, l, e, c, t, r, o, n, i, c,  , c, h, e, c, k, ', ]",Medium,0.57457495,Male,1,No,Yes,25,No,No,Fiber optic,No internet service,No internet service,No,No internet service,No,Yes,One year,No,Electronic check,39.81,1117.36,0.9115137043083332,0.8202378835494386,0.608259082852385
ID1067,0,Not At Risk,Monitor,No churn risk detected.,Low,0.42612696,Female,0,Yes,Yes,12,Yes,Yes,DSL,No internet service,Yes,No,No,Yes,Yes,Two year,No,Mailed check,21.49,7666.31,0.9912277385992972,0.9813311962933012,0.953820484787659
ID1068,0,Not At Risk,Low Risk,No churn risk detected.,Medium,0.42776385,Female,0,No,No,27,Yes,No,DSL,No internet service,No,No internet service,Yes,Yes,No internet service,Two year,Yes,Electronic check,49.49,1596.18,0.9752110782191024,0.947727924765224,0.8739830839236092
ID1069,0,Not At Risk,Monitor,No churn risk detected.,High,0.43259028,Female,0,Yes,Yes,71,Yes,Yes,Fiber optic,No,No,Yes,Yes,No internet service,No internet service,Two year,Yes,Mailed check,115.21,2263.43,0.997367236063235,0.9943773731529908,0.9859534961210602
ID1070,0,Not At Risk,Monitor,No churn risk detected.,High,0.43459722,Male,0,Yes,Yes,65,Yes,Yes,Fiber optic,No,Yes,No,No internet service,Yes,No internet service,Two year,Yes,Mailed check,89.73,3588.38,0.996001735924807,0.9914678084255876,0.978731665600728
ID1071,0,Not At Risk,Low Risk,No churn risk detected.,Medium,0.47890723,Female,1,Yes,No,19,No,No phone service,No,No,No,Yes,No,Yes,No,Two year,No,Mailed check,117.86,2943.63,0.9798857279395796,0.9574710213066172,0.8967000758402301
ID1072,0,Not At Risk,Monitor,No churn risk detected.,High,0.4273132,Male,0,Yes,No,55,Yes,No phone service,No,No internet service,No internet service,Yes,No,Yes,No,One year,Yes,Bank transfer (automatic),78.03,4771.09,0.9966749046408678,0.9929016077948016,0.9822865085226132
ID1073,0,Not At Risk,Monitor,No churn risk detected.,Medium,0.42948577,Female,0,Yes,No,41,Yes,No phone service,No,No internet service,Yes,No internet service,No internet service,No internet service,Yes,One year,Yes,Mailed check,20.03,1592.34,0.9906743648938824,0.9801598065302132,0.950966612016797
ID1074,0,Not At Risk,Monitor,No churn risk detected.,High,0.4166668,Female,0,Yes,Yes,71,Yes,Yes,Fiber optic,No,No internet service,Yes,No,Yes,No,One year,Yes,Bank transfer (automatic),95.12,2332.32,0.993570636810434,0.986298933252642,0.9659806598011166
ID1075,0,Not At Risk,Monitor,No churn risk detected.,High,0.3940313,Female,1,No,No,69,No,No phone service,DSL,Yes,Yes,Yes,Yes,No internet service,Yes,Month-to-month,Yes,Bank transfer (automatic),81.98,5956.57,0.998740113184038,0.997307233498528,0.993257991762757
ID1076,0,Not At Risk,Low Risk,No churn risk detected.,Low,0.4860662,Female,0,No,Yes,5,Yes,No,No,No,No,Yes,Yes,Yes,No internet service,Two year,Yes,Credit card (automatic),34.6,5325.51,0.9830297470952112,0.9640537669182672,0.9122472456777556
ID1077,0,Not At Risk,Monitor,No churn risk detected.,High,0.43108326,Female,0,Yes,No,44,No,Yes,No,No internet service,Yes,No,Yes,Yes,No,One year,Yes,Mailed check,97.08,6180.79,0.997693906395997,0.9950741049744896,0.9876875944357268
ID1078,0,Not At Risk,Monitor,No churn risk detected.,High,0.445831,Male,1,Yes,No,60,No,No phone service,No,No,Yes,Yes,No,Yes,Yes,Two year,No,Electronic check,96.95,3783.07,0.9970502028405308,0.9937014440883528,0.9842729249463124
ID1079,0,Not At Risk,Monitor,No churn risk detected.,High,0.41933697,Female,0,No,Yes,54,Yes,Yes,DSL,Yes,Yes,No,Yes,Yes,No,One year,No,Electronic check,114.24,5812.55,0.9984936389326942,0.996780894168634,0.9919433745202584
ID1080,1,Medium,Low Risk,"Churn risk detected, but the primary drivers require manual review. Top drivers: [, ', I, n, t, e, r, n, e, t, S, e, r, v, i, c, e, _, F, i, b, e, r,  , o, p, t, i, c, ', ,,  , ', P, a, y, m, e, n, t, M, e, t, h, o, d, _, E, l, e, c, t, r, o, n, i, c,  , c, h, e, c, k, ', ,,  , ', M, o, n, t, h, l, y, C, h, a, r, g, e, s, ', ]",Medium,0.5472041,Female,1,No,No,25,No,Yes,Fiber optic,No,Yes,Yes,No internet service,No internet service,No,Two year,Yes,Bank transfer (automatic),66.82,2224.04,0.976892653976258,0.9512266235628084,0.8821003140387177
ID1081,0,Not At Risk,Low Risk,No churn risk detected.,Medium,0.44163793,Female,0,No,Yes,34,No,No phone service,DSL,No,No,Yes,No internet service,No,No internet service,One year,Yes,Credit card (automatic),78.17,3345.57,0.9897379514940357,0.9781792893981632,0.9461531449019798
ID1082,0,Not At Risk,Monitor,No churn risk detected.,High,0.4180033,Female,0,No,No,42,Yes,Yes,DSL,No,No internet service,No,Yes,Yes,No internet service,Two year,No,Electronic check,79.73,4459.73,0.9936038249822404,0.986369399351556,0.9661538155208076
ID1083,0,Not At Risk,Monitor,No churn risk detected.,High,0.42850554,Female,1,No,Yes,31,No,Yes,No,No internet service,No,Yes,Yes,No internet service,No,Month-to-month,No,Bank transfer (automatic),108.66,6240.7,0.9951299987494896,0.9896127122710584,0.9741437913105208
ID1084,1,Low,Monitor,"Churn risk detected, but the primary drivers require manual review. Top drivers: [, ', t, e, n, u, r, e, _, m, o, n, t, h, l, y, _, r, a, t, i, o, ', ,,  , ', I, n, t, e, r, n, e, t, S, e, r, v, i, c, e, _, F, i, b, e, r,  , o, p, t, i, c, ', ,,  , ', P, a, y, m, e, n, t, M, e, t, h, o, d, _, E, l, e, c, t, r, o, n, i, c,  , c, h, e, c, k, ', ]",Medium,0.5008927,Female,0,Yes,Yes,39,Yes,Yes,Fiber optic,No internet service,No internet service,No internet service,No,No,No,Two year,No,Bank transfer (automatic),44.0,3759.38,0.9948791851372996,0.989079312234433,0.9728270284717002
ID1085,0,Not At Risk,Monitor,No churn risk detected.,Medium,0.39538345,Female,0,No,Yes,43,No,Yes,No,No,Yes,Yes,Yes,No,No internet service,Two year,No,Bank transfer (automatic),30.47,3711.11,0.9982182417060522,0.99619296558245,0.990476166087633
ID1086,0,Not At Risk,Monitor,No churn risk detected.,High,0.43208376,Male,0,Yes,No,72,Yes,No,Fiber optic,No internet service,No,Yes,No,No,Yes,One year,Yes,Bank transfer (automatic),57.16,5735.43,0.9963799112289604,0.9922731579371546,0.980727428061092
ID1087,0,Not At Risk,Monitor,No churn risk detected.,High,0.39256844,Male,1,No,Yes,70,No,Yes,No,Yes,Yes,No internet service,Yes,No internet service,Yes,One year,No,Bank transfer (automatic),61.82,1908.65,0.9984889783569102,0.9967709430558956,0.9919185300987832
ID1088,0,Not At Risk,Monitor,No churn risk detected.,High,0.45907864,Male,1,Yes,No,33,Yes,No phone service,DSL,No internet service,No internet service,No internet service,No,Yes,No,Month-to-month,No,Mailed check,112.19,7865.99,0.9957247336521932,0.990878134536783,0.9772719260743988
ID1089,0,Not At Risk,Monitor,No churn risk detected.,High,0.43979722,Female,1,No,Yes,69,No,No phone service,DSL,No,No,No,No,Yes,Yes,Two year,No,Electronic check,81.38,5093.57,0.9984722076938094,0.9967351353086804,0.991829133869728
ID1090,0,Not At Risk,Monitor,No churn risk detected.,High,0.42086005,Female,0,Yes,Yes,46,Yes,No,DSL,No internet service,No internet service,Yes,No,Yes,Yes,Two year,Yes,Electronic check,70.19,4120.8,0.993629371876854,0.98642364309265,0.9662871208991708
ID1091,0,Not At Risk,Low Risk,No churn risk detected.,Medium,0.4228015,Female,0,Yes,No,33,Yes,No,DSL,No,No internet service,No internet service,Yes,Yes,No,Two year,No,Bank transfer (automatic),69.05,58.54,0.9817639412099533,0.9614006157266496,0.9059616790823318
ID1092,0,Not At Risk,Monitor,No churn risk detected.,Medium,0.45405668,Female,1,No,No,29,No,Yes,No,No internet service,No,Yes,No internet service,No internet service,Yes,Two year,Yes,Credit card (automatic),80.3,5193.41,0.993661942390306,0.9864928023923978,0.9664570976851226
ID1093,0,Not At Risk,Monitor,No churn risk detected.,Medium,0.4001092,Male,1,Yes,No,42,No,Yes,No,No,No internet service,No,No,No,No,One year,No,Bank transfer (automatic),63.19,6111.47,0.9970938296788824,0.9937944439451792,0.9845040494000412
ID1094,0,Not At Risk,Low Risk,No churn risk detected.,Low,0.48661003,Male,0,Yes,No,5,Yes,No,DSL,Yes,Yes,No,Yes,No,No internet service,Month-to-month,No,Electronic check,21.93,4982.07,0.9731373574490628,0.9434227773562788,0.8640567023224986
ID1095,1,Medium,Monitor,"Churn risk detected, but the primary drivers require manual review. Top drivers: [, ', t, e, n, u, r, e, _, m, o, n, t, h, l, y, _, r, a, t, i, o, ', ,,  , ', I, n, t, e, r, n, e, t, S, e, r, v, i, c, e, _, F, i, b, e, r,  , o, p, t, i, c, ', ,,  , ', P, a, y, m, e, n, t, M, e, t, h, o, d, _, E, l, e, c, t, r, o, n, i, c,  , c, h, e, c, k, ', ]",Medium,0.54626703,Female,1,Yes,No,40,No,No phone service,Fiber optic,No,No,No,Yes,No internet service,No internet service,One year,Yes,Electronic check,50.44,7863.07,0.9940884314658914,0.9873986353768588,0.9686850758012978
ID1096,0,Not At Risk,Monitor,No churn risk detected.,Medium,0.39229092,Female,0,No,No,39,No,No phone service,No,Yes,No,No internet service,Yes,No,No internet service,Month-to-month,Yes,Bank transfer (automatic),19.59,5458.51,0.9951593971340236,0.9896752432233672,0.9742982267198176
ID1097,0,Not At Risk,Monitor,No churn risk detected.,High,0.45069754,Female,0,No,No,62,Yes,No phone service,No,No internet service,Yes,Yes,Yes,No,No,Month-to-month,No,Electronic check,58.6,4670.88,0.9963862829067364,0.9922867298321464,0.9807610819600808
ID1098,1,High,Medium Risk,"**Urgency:** Medium Risk

**Key Factors Identified:**
- As a relatively new customer (<= 12 months), they are in a critical early phase and may not be fully engaged with the service yet.",Low,0.56605446,Female,1,No,No,7,No,Yes,Fiber optic,No internet service,No,Yes,No,No internet service,No,One year,No,Mailed check,44.18,5471.87,0.9383299778130796,0.8727160467415238,0.7106562727371191
ID1099,1,Low,Low Risk,"Churn risk detected, but the primary drivers require manual review. Top drivers: [, ', I, n, t, e, r, n, e, t, S, e, r, v, i, c, e, _, F, i, b, e, r,  , o, p, t, i, c, ', ,,  , ', t, e, n, u, r, e, _, m, o, n, t, h, l, y, _, r, a, t, i, o, ', ,,  , ', P, a, y, m, e, n, t, M, e, t, h, o, d, _, E, l, e, c, t, r, o, n, i, c,  , c, h, e, c, k, ', ]",Low,0.52490133,Male,0,No,Yes,31,Yes,Yes,Fiber optic,No,No,No,No,Yes,No internet service,One year,Yes,Mailed check,18.74,4361.93,0.980055580634754,0.957826034372591,0.8975344497506906
